1,1,Bucket,1,5,0,,2,Ok,,,,
2,1,Shower,1,10,0,,3,Ok,,,,
3,3,5 litres,6,1,5,,4,Ok,,,,
4,3,10 litres,6,1,10,,5,Ok,,,,
5,3,15 litres,6,1,15,,6,Ok,,,,
6,3,20 litres,6,1,20,,7,,,,,
7,3,25 litres,6,1,25,,8,,,,,
8,3,30 litres,6,1,30,,9,,,,,
9,4,0 buckets,7,6,0,,10,,,,,
10,4,1 buckets,7,6,1,,11,,,,,
11,4,2 buckets,7,6,2,,12,,,,,
12,4,3 buckets,7,6,3,,13,,,,,
13,4,4 buckets,7,6,4,,14,,,,,
14,4,5 buckets,7,6,5,,15,,,,,
15,4,6 buckets,7,6,6,,16,,,,,
16,4,7 buckets,7,6,7,,17,,,,,
17,4,8 buckets,7,6,8,,18,,,,,
18,4,9 buckets,7,6,9,,19,,,,,
19,4,10 buckets,7,6,10,,20,,,,,
20,2,0 minutes,11,1,0,,21,,,,,
21,2,5 minutes,11,1,17.5,,22,,,,,
22,2,10 minutes,11,1,35,,23,,,,,
23,2,15 minutes,11,1,52.5,,24,,,,,
24,2,20 minutes,11,1,70,,25,,,,,
25,2,25 minutes,11,1,87.5,,26,,,,,
26,2,30 minutes,11,1,105,,27,,,,,
27,2,35 minutes,11,1,122.5,,28,,,,,
28,2,40 minutes,11,1,140,,29,,,,,
29,2,45 minutes,11,1,157.5,,30,,,,,
30,2,50 minutes,11,1,175,,31,,,,,
31,2,55 minutes,11,1,192.5,,32,,,,,
32,2,60 minutes,11,1,210,,33,,,,,
33,2,65 minutes,11,1,227.5,,34,,,,,
34,2,70 minutes,11,1,245,,35,,,,,
35,2,75 minutes,11,1,262.5,,36,,,,,
36,2,80 minutes,11,1,280,,37,,,,,
37,2,85 minutes,11,1,297.5,,38,,,,,
38,2,90 minutes,11,1,315,,39,,,,,
39,2,95 minutes,11,1,332.5,,40,,,,,
40,2,100 minutes,11,1,350,,41,,,,,
41,5,0 times,12,8,0,,42,,,,,
42,5,1 times,12,8,1,,43,,,,,
43,5,2 times,12,8,2,,44,,,,,
44,5,3 times,12,8,3,,45,,,,,
45,5,4 times,12,8,4,,46,,,,,
46,5,5 times,12,8,5,,47,,,,,
47,5,6 times,12,8,6,,48,,,,,
48,5,7 times,12,8,7,,49,,,,,
49,5,8 times,12,8,8,,50,,,,,
50,5,9 times,12,8,9,,51,,,,,
51,5,10 times,12,8,10,,52,,,,,
52,6,0 times,13,7,0,,53,,,,,
53,6,1 times,13,7,1,,54,,,,,
54,6,2 times,13,7,2,,55,,,,,
55,6,3 times,13,7,3,,56,,,,,
56,6,4 times,13,7,4,,57,,,,,
57,6,5 times,13,7,5,,58,,,,,
58,6,6 times,13,7,6,,59,,,,,
59,6,7 times,13,7,7,,60,,,,,
60,6,8 times,13,7,8,,61,,,,,
61,6,9 times,13,7,9,,62,,,,,
62,6,10 times,13,7,10,,63,,,,,
63,7,0 minutes,20,1,0,,64,,,,,
64,7,5 minutes,20,1,14.15,,65,,,,,
65,7,10 minutes,20,1,28.3,,66,,,,,
66,7,15 minutes,20,1,42.45,,67,,,,,
67,7,20 minutes,20,1,56.6,,68,,,,,
68,7,25 minutes,20,1,70.75,,69,,,,,
69,7,30 minutes,20,1,84.9,,70,,,,,
70,7,35 minutes,20,1,99.05,,71,,,,,
71,7,40 minutes,20,1,113.2,,72,,,,,
72,7,45 minutes,20,1,127.35,,73,,,,,
73,7,50 minutes,20,1,141.5,,74,,,,,
74,7,55 minutes,20,1,155.65,,75,,,,,
75,7,60 minutes,20,1,169.8,,76,,,,,
76,7,65 minutes,20,1,183.95,,77,,,,,
77,7,70 minutes,20,1,198.1,,78,,,,,
78,7,75 minutes,20,1,212.25,,79,,,,,
79,7,80 minutes,20,1,226.4,,80,,,,,
80,7,85 minutes,20,1,240.55,,81,,,,,
81,7,90 minutes,20,1,254.7,,82,,,,,
82,7,95 minutes,20,1,268.85,,83,,,,,
83,7,100 minutes,20,1,283,,84,,,,,
84,8,0 minutes,21,1,0,,85,,,,,
85,8,5 minutes,21,1,14.15,,86,,,,,
86,8,10 minutes,21,1,28.3,,87,,,,,
87,8,15 minutes,21,1,42.45,,88,,,,,
88,8,20 minutes,21,1,56.6,,89,,,,,
89,8,25 minutes,21,1,70.75,,90,,,,,
90,8,30 minutes,21,1,84.9,,91,,,,,
91,8,35 minutes,21,1,99.05,,92,,,,,
92,8,40 minutes,21,1,113.2,,93,,,,,
93,8,45 minutes,21,1,127.35,,94,,,,,
94,8,50 minutes,21,1,141.5,,95,,,,,
95,8,55 minutes,21,1,155.65,,96,,,,,
96,8,60 minutes,21,1,169.8,,97,,,,,
97,8,65 minutes,21,1,183.95,,98,,,,,
98,8,70 minutes,21,1,198.1,,99,,,,,
99,8,75 minutes,21,1,212.25,,100,,,,,
100,8,80 minutes,21,1,226.4,,101,,,,,
101,8,85 minutes,21,1,240.55,,102,,,,,
102,8,90 minutes,21,1,254.7,,103,,,,,
103,8,95 minutes,21,1,268.85,,104,,,,,
104,8,100 minutes,21,1,283,,105,,,,,
105,9,Flush,22,3,0,,106,,,,,
106,9,Non-Flush,22,4,0,,107,,,,,
107,10,Yes,25,5,12,,108,,,,,
108,10,No,25,5,27,,109,,,,,
109,11,0 buckets,26,1,0,,110,,,,,
110,11,1 buckets,26,1,1,,,,,,,
111,11,2 buckets,26,1,2,,,,,,,
112,11,3 buckets,26,1,3,,,,,,,
113,11,4 buckets,26,1,4,,,,,,,
114,11,5 buckets,26,1,5,,,,,,,
115,11,6 buckets,26,1,6,,,,,,,
116,11,7 buckets,26,1,7,,,,,,,
117,11,8 buckets,26,1,8,,,,,,,
118,11,9 buckets,26,1,9,,,,,,,
119,11,10 buckets,26,1,10,,,,,,,
120,12,5 litres,27,3,5,,,,,,,
121,12,10 litres,27,3,10,,,,,,,
122,12,15 litres,27,3,15,,,,,,,
123,12,20 litres,27,3,20,,,,,,,
124,12,25 litres,27,3,25,,,,,,,
125,12,30 litres,27,3,30,,,,,,,
126,13,Washing Machine,30,5,0,,,,,,,
127,13,Manually,30,3,0,,,,,,,
128,14,0 buckets,33,1,0,,,,,,,
129,14,1 buckets,33,1,1,,,,,,,
130,14,2 buckets,33,1,2,,,,,,,
131,14,3 buckets,33,1,3,,,,,,,
132,14,4 buckets,33,1,4,,,,,,,
133,14,5 buckets,33,1,5,,,,,,,
134,14,6 buckets,33,1,6,,,,,,,
135,14,7 buckets,33,1,7,,,,,,,
136,14,8 buckets,33,1,8,,,,,,,
137,14,9 buckets,33,1,9,,,,,,,
138,14,10 buckets,33,1,10,,,,,,,
139,15,5 litres,34,3,5,,,,,,,
140,15,10 litres,34,3,10,,,,,,,
141,15,15 litres,34,3,15,,,,,,,
142,15,20 litres,34,3,20,,,,,,,
143,15,25 litres,34,3,25,,,,,,,
144,15,30 litres,34,3,30,,,,,,,
145,16,Fully Automatic Front Load,35,1,60,,,,,,,
146,16,Fully automatic Top Load,35,1,140,,,,,,,
147,16,Semi-Automatic,35,1,120,,,,,,,
148,17,0 times,36,4,0,,,,,,,
149,17,1 times,36,4,1,,,,,,,
150,17,2 times,36,4,2,,,,,,,
151,17,3 times,36,4,3,,,,,,,
152,17,4 times,36,4,4,,,,,,,
153,17,5 times,36,4,5,,,,,,,
154,17,6 times,36,4,6,,,,,,,
155,17,7 times,36,4,7,,,,,,,
156,17,8 times,36,4,8,,,,,,,
157,17,9 times,36,4,9,,,,,,,
158,17,10 times,36,4,10,,,,,,,
159,18,0 times,37,3,0,,,,,,,
160,18,1 times,37,3,1,,,,,,,
161,18,2 times,37,3,2,,,,,,,
162,18,3 times,37,3,3,,,,,,,
163,18,4 times,37,3,4,,,,,,,
164,18,5 times,37,3,5,,,,,,,
165,18,6 times,37,3,6,,,,,,,
166,18,7 times,37,3,7,,,,,,,
167,18,8 times,37,3,8,,,,,,,
168,18,9 times,37,3,9,,,,,,,
169,18,10 times,37,3,10,,,,,,,
170,19,Vacuum Cleaner,40,10,0,,,,,,,
171,19,Mop and Water,40,2,0,,,,,,,
172,20,0 buckets,42,1,0,23,,,,,,
173,20,1 buckets,42,1,1,23,,,,,,
174,20,2 buckets,42,1,2,23,,,,,,
175,20,3 buckets,42,1,3,23,,,,,,
176,20,4 buckets,42,1,4,23,,,,,,
177,20,5 buckets,42,1,5,23,,,,,,
178,20,6 buckets,42,1,6,23,,,,,,
179,20,7 buckets,42,1,7,23,,,,,,
180,20,8 buckets,42,1,8,23,,,,,,
181,20,9 buckets,42,1,9,23,,,,,,
182,20,10 buckets,42,1,10,23,,,,,,
183,21,5 litres,43,7,5,24,,,,,,
184,21,10 litres,43,7,10,24,,,,,,
185,21,15 litres,43,7,15,24,,,,,,
186,21,20 litres,43,7,20,24,,,,,,
187,21,25 litres,43,7,25,24,,,,,,
188,21,30 litres,43,7,30,24,,,,,,
189,22,0 litres,50,1,0,25,,,,,,
190,22,1 litres,50,1,1,25,,,,,,
191,22,2 litres,50,1,2,25,,,,,,
192,22,3 litres,50,1,3,25,,,,,,
193,22,4 litres,50,1,4,25,,,,,,
194,22,5 litres,50,1,5,25,,,,,,
195,22,6 litres,50,1,6,25,,,,,,
196,22,7 litres,50,1,7,25,,,,,,
197,22,8 litres,50,1,8,25,,,,,,
198,22,9 litres,50,1,9,25,,,,,,
199,22,10 litres,50,1,10,25,,,,,,
200,22,11 litres,50,1,11,25,,,,,,
201,22,12 litres,50,1,12,25,,,,,,
202,22,13 litres,50,1,13,25,,,,,,
203,22,14 litres,50,1,14,25,,,,,,
204,22,15 litres,50,1,15,25,,,,,,
205,22,16 litres,50,1,16,25,,,,,,
206,22,17 litres,50,1,17,25,,,,,,
207,22,18 litres,50,1,18,25,,,,,,
208,22,19 litres,50,1,19,25,,,,,,
209,22,20 litres,50,1,20,25,,,,,,
210,22,21 litres,50,1,21,25,,,,,,
211,22,22 litres,50,1,22,25,,,,,,
212,22,23 litres,50,1,23,25,,,,,,
213,22,24 litres,50,1,24,25,,,,,,
214,22,25 litres,50,1,25,25,,,,,,
215,22,26 litres,50,1,26,25,,,,,,
216,22,27 litres,50,1,27,25,,,,,,
217,22,28 litres,50,1,28,25,,,,,,
218,22,29 litres,50,1,29,25,,,,,,
219,22,30 litres,50,1,30,25,,,,,,
220,23,Manually,51,4,0,26,,,,,,
221,23,Dish washer,51,1,0,26,,,,,,
222,24,1 times,52,7,7,27,,,,,,
223,24,2 times,52,7,14,27,,,,,,
224,24,3 times,52,7,21,27,,,,,,
225,24,4 times,52,7,28,27,,,,,,
226,24,5 times,52,7,35,27,,,,,,
227,24,6 times,52,7,42,27,,,,,,
228,24,7 times,52,7,49,27,,,,,,
229,24,8 times,52,7,56,27,,,,,,
230,24,9 times,52,7,63,27,,,,,,
231,24,10 times,52,7,70,27,,,,,,
232,25,0 minutes,55,4,0,28,,,,,,
233,25,5 minutes,55,4,14.15,28,,,,,,
234,25,10 minutes,55,4,28.3,28,,,,,,
235,25,15 minutes,55,4,42.45,28,,,,,,
236,25,20 minutes,55,4,56.6,28,,,,,,
237,25,25 minutes,55,4,70.75,28,,,,,,
238,25,30 minutes,55,4,84.9,28,,,,,,
239,25,35 minutes,55,4,99.05,28,,,,,,
240,25,40 minutes,55,4,113.2,28,,,,,,
241,25,45 minutes,55,4,127.35,28,,,,,,
242,25,50 minutes,55,4,141.5,28,,,,,,
243,25,55 minutes,55,4,155.65,28,,,,,,
244,25,60 minutes,55,4,169.8,28,,,,,,
245,25,65 minutes,55,4,183.95,28,,,,,,
246,25,70 minutes,55,4,198.1,28,,,,,,
247,25,75 minutes,55,4,212.25,28,,,,,,
248,25,80 minutes,55,4,226.4,28,,,,,,
249,25,85 minutes,55,4,240.55,28,,,,,,
250,25,90 minutes,55,4,254.7,28,,,,,,
251,25,95 minutes,55,4,268.85,28,,,,,,
252,25,100 minutes,55,4,283,28,,,,,,
253,26,0 minutes,59,1,0,30,,,,,,
254,26,5 minutes,59,1,14.15,30,,,,,,
255,26,10 minutes,59,1,28.3,30,,,,,,
256,26,15 minutes,59,1,42.45,30,,,,,,
257,26,20 minutes,59,1,56.6,30,,,,,,
258,26,25 minutes,59,1,70.75,30,,,,,,
259,26,30 minutes,59,1,84.9,30,,,,,,
260,26,35 minutes,59,1,99.05,30,,,,,,
261,26,40 minutes,59,1,113.2,30,,,,,,
262,26,45 minutes,59,1,127.35,30,,,,,,
263,26,50 minutes,59,1,141.5,30,,,,,,
264,26,55 minutes,59,1,155.65,30,,,,,,
265,26,60 minutes,59,1,169.8,30,,,,,,
266,26,65 minutes,59,1,183.95,30,,,,,,
267,26,70 minutes,59,1,198.1,30,,,,,,
268,26,75 minutes,59,1,212.25,30,,,,,,
269,26,80 minutes,59,1,226.4,30,,,,,,
270,26,85 minutes,59,1,240.55,30,,,,,,
271,26,90 minutes,59,1,254.7,30,,,,,,
272,26,95 minutes,59,1,268.85,30,,,,,,
273,26,100 minutes,59,1,283,30,,,,,,
274,27,1 litres,60,1,1,31,,,,,,
275,27,2 litres,60,1,2,31,,,,,,
276,27,3 litres,60,1,3,31,,,,,,
277,27,4 litres,60,1,4,31,,,,,,
278,27,0 litres,60,1,0,31,,,,,,
279,27,5 litres,60,1,5,31,,,,,,
280,27,6 litres,60,1,6,31,,,,,,
281,27,7 litres,60,1,7,31,,,,,,
282,27,8 litres,60,1,8,31,,,,,,
283,27,9 litres,60,1,9,31,,,,,,
284,27,10 litres,60,1,10,31,,,,,,
285,27,11 litres,60,1,11,31,,,,,,
286,27,12 litres,60,1,12,31,,,,,,
287,27,13 litres,60,1,13,31,,,,,,
288,27,14 litres,60,1,14,31,,,,,,
289,27,15 litres,60,1,15,31,,,,,,
290,27,16 litres,60,1,16,31,,,,,,
291,27,17 litres,60,1,17,31,,,,,,
292,27,18 litres,60,1,18,31,,,,,,
293,27,19 litres,60,1,19,31,,,,,,
294,27,20 litres,60,1,20,31,,,,,,
295,27,21 litres,60,1,21,31,,,,,,
296,27,22 litres,60,1,22,31,,,,,,
297,27,23 litres,60,1,23,31,,,,,,
298,27,24 litres,60,1,24,31,,,,,,
299,27,25 litres,60,1,25,31,,,,,,
300,27,26 litres,60,1,26,31,,,,,,
301,27,27 litres,60,1,27,31,,,,,,
302,27,28 litres,60,1,28,31,,,,,,
303,27,29 litres,60,1,29,31,,,,,,
304,27,30 litres,60,1,30,31,,,,,,
305,28,RO Purifier,61,4,4,32,,,,,,
306,28,UV & VF Purifier,61,9,1,32,,,,,,
307,28,Do not purify,61,9,1,32,,,,,,
308,29,Yes,65,5,0,33,,,,,,
309,29,No,65,5,0,33,,,,,,
310,30,Yes,70,1,0,35,,,,,,
311,30,No,70,3,0,35,,,,,,
312,31,Garden hose,71,1,75,36,,,,,,
313,31,Wet cloth and bucket,71,1,5,36,,,,,,
314,32,0 times,72,1,0,39,,,,,,
315,32,1 times,72,1,1,39,,,,,,
316,32,2 times,72,1,2,39,,,,,,
317,32,3 times,72,1,3,39,,,,,,
318,32,4 times,72,1,4,39,,,,,,
319,32,5 times,72,1,5,39,,,,,,
320,32,6 times,72,1,6,39,,,,,,
321,32,7 times,72,1,7,39,X,,,,,
322,32,8 times,72,1,8,39,X,,,,,
323,32,9 times,72,1,9,39,X,,,,,
324,32,10 times,72,1,10,39,X,,,,,
325,32,11 times,72,1,11,39,,,,,,
326,32,12 times,72,1,12,39,,,,,,
327,32,13 times,72,1,13,39,,,,,,
328,32,14 times,72,1,14,39,,,,,,
329,32,15 times,72,1,15,39,,,,,,
330,32,16 times,72,1,16,39,,,,,,
331,32,17 times,72,1,17,39,,,,,,
332,32,18 times,72,1,18,39,,,,,,
333,32,19 times,72,1,19,39,,,,,,
334,32,20 times,72,1,20,39,,,,,,
335,32,21 times,72,1,21,39,,,,,,
336,32,22 times,72,1,22,39,,,,,,
337,32,23 times,72,1,23,39,,,,,,
338,32,24 times,72,1,24,39,,,,,,
339,32,25 times,72,1,25,39,,,,,,
340,32,26 times,72,1,26,39,,,,,,
341,32,27 times,72,1,27,39,,,,,,
342,32,28 times,72,1,28,39,,,,,,
343,32,29 times,72,1,29,39,,,,,,
344,32,30 times,72,1,30,39,,,,,,
345,33,Yes,73,1,0,37,,,,,,
346,33,No,73,1,0,37,,,,,,
347,34,Garden hose,74,1,15,38,,,,,,
348,34,Wet cloth and bucket,74,1,2,38,,,,,,
349,35,0 times,75,5,0,39,,,,,,
350,35,1 times,75,5,1,39,,,,,,
351,35,2 times,75,5,2,39,,,,,,
352,35,3 times,75,5,3,39,,,,,,
353,35,4 times,75,5,4,39,,,,,,
354,35,5 times,75,5,5,39,,,,,,
355,35,6 times,75,5,6,39,,,,,,
356,35,7 times,75,5,7,39,,,,,,
357,35,8 times,75,5,8,39,,,,,,
358,35,9 times,75,5,9,39,,,,,,
359,35,10 times,75,5,10,39,,,,,,
360,35,11 times,75,5,11,39,,,,,,
361,35,12 times,75,5,12,39,,,,,,
362,35,13 times,75,5,13,39,,,,,,
363,35,14 times,75,5,14,39,,,,,,
364,35,15 times,75,5,15,39,,,,,,
365,35,16 times,75,5,16,39,,,,,,
366,35,17 times,75,5,17,39,,,,,,
367,35,18 times,75,5,18,39,,,,,,
368,35,19 times,75,5,19,39,,,,,,
369,35,20 times,75,5,20,39,,,,,,
370,35,21 times,75,5,21,39,,,,,,
371,35,22 times,75,5,22,39,,,,,,
372,35,23 times,75,5,23,39,,,,,,
373,35,24 times,75,5,24,39,,,,,,
374,35,25 times,75,5,25,39,,,,,,
375,35,26 times,75,5,26,39,,,,,,
376,35,27 times,75,5,27,39,,,,,,
377,35,28 times,75,5,28,39,,,,,,
378,35,29 times,75,5,29,39,,,,,,
379,35,30 times,75,5,30,39,,,,,,
380,36,Lawn,80,1,0,40,,,,,,
381,36,Balcony Garden,80,2,0,40,,,,,,
382,36,None,80,10,0,40,,,,,,
383,37,0 square meter,81,9,0,41,,,,,,
384,37,1 square meter,81,9,8.5,41,,,,,,
385,37,2 square meter,81,9,17,41,,,,,,
386,37,3 square meter,81,9,25.5,41,,,,,,
387,37,4 square meter,81,9,34,41,,,,,,
388,37,5 square meter,81,9,42.5,41,,,,,,
389,37,6 square meter,81,9,51,41,,,,,,
390,37,7 square meter,81,9,59.5,41,,,,,,
391,37,8 square meter,81,9,68,41,,,,,,
392,37,9 square meter,81,9,76.5,41,,,,,,
393,37,10 square meter,81,9,85,41,,,,,,
394,37,11 square meter,81,9,93.5,41,,,,,,
395,37,12 square meter,81,9,102,41,,,,,,
396,37,13 square meter,81,9,110.5,41,,,,,,
397,37,14 square meter,81,9,119,41,,,,,,
398,37,15 square meter,81,9,127.5,41,,,,,,
399,37,16 square meter,81,9,136,41,,,,,,
400,37,17 square meter,81,9,144.5,41,,,,,,
401,37,18 square meter,81,9,153,41,,,,,,
402,37,19 square meter,81,9,161.5,41,,,,,,
403,37,20 square meter,81,9,170,41,,,,,,
404,37,21 square meter,81,9,178.5,41,,,,,,
405,37,22 square meter,81,9,187,41,,,,,,
406,37,23 square meter,81,9,195.5,41,,,,,,
407,37,24 square meter,81,9,204,41,,,,,,
408,37,25 square meter,81,9,212.5,41,,,,,,
409,37,26 square meter,81,9,221,41,,,,,,
410,37,27 square meter,81,9,229.5,41,,,,,,
411,37,28 square meter,81,9,238,41,,,,,,
412,37,29 square meter,81,9,246.5,41,,,,,,
413,37,30 square meter,81,9,255,41,,,,,,
414,37,31 square meter,81,9,263.5,41,,,,,,
415,37,32 square meter,81,9,272,41,,,,,,
416,37,33 square meter,81,9,280.5,41,,,,,,
417,37,34 square meter,81,9,289,41,,,,,,
418,37,35 square meter,81,9,297.5,41,,,,,,
419,37,36 square meter,81,9,306,41,,,,,,
420,37,37 square meter,81,9,314.5,41,,,,,,
421,37,38 square meter,81,9,323,41,,,,,,
422,37,39 square meter,81,9,331.5,41,,,,,,
423,37,40 square meter,81,9,340,41,,,,,,
424,37,41 square meter,81,9,348.5,41,,,,,,
425,37,42 square meter,81,9,357,41,,,,,,
426,37,43 square meter,81,9,365.5,41,,,,,,
427,37,44 square meter,81,9,374,41,,,,,,
428,37,45 square meter,81,9,382.5,41,,,,,,
429,37,46 square meter,81,9,391,41,,,,,,
430,37,47 square meter,81,9,399.5,41,,,,,,
431,37,48 square meter,81,9,408,41,,,,,,
432,37,49 square meter,81,9,416.5,41,,,,,,
433,37,50 square meter,81,9,425,41,,,,,,
434,37,51 square meter,81,9,433.5,41,,,,,,
435,37,52 square meter,81,9,442,41,,,,,,
436,37,53 square meter,81,9,450.5,41,,,,,,
437,37,54 square meter,81,9,459,41,,,,,,
438,37,55 square meter,81,9,467.5,41,,,,,,
439,37,56 square meter,81,9,476,41,,,,,,
440,37,57 square meter,81,9,484.5,41,,,,,,
441,37,58 square meter,81,9,493,41,,,,,,
442,37,59 square meter,81,9,501.5,41,,,,,,
443,37,60 square meter,81,9,510,41,,,,,,
444,37,61 square meter,81,9,518.5,41,,,,,,
445,37,62 square meter,81,9,527,41,,,,,,
446,37,63 square meter,81,9,535.5,41,,,,,,
447,37,64 square meter,81,9,544,41,,,,,,
448,37,65 square meter,81,9,552.5,41,,,,,,
449,37,66 square meter,81,9,561,41,,,,,,
450,37,67 square meter,81,9,569.5,41,,,,,,
451,37,68 square meter,81,9,578,41,,,,,,
452,37,69 square meter,81,9,586.5,41,,,,,,
453,37,70 square meter,81,9,595,41,,,,,,
454,37,71 square meter,81,9,603.5,41,,,,,,
455,37,72 square meter,81,9,612,41,,,,,,
456,37,73 square meter,81,9,620.5,41,,,,,,
457,37,74 square meter,81,9,629,41,,,,,,
458,37,75 square meter,81,9,637.5,41,,,,,,
459,37,76 square meter,81,9,646,41,,,,,,
460,37,77 square meter,81,9,654.5,41,,,,,,
461,37,78 square meter,81,9,663,41,,,,,,
462,37,79 square meter,81,9,671.5,41,,,,,,
463,37,80 square meter,81,9,680,41,,,,,,
464,37,81 square meter,81,9,688.5,41,,,,,,
465,37,82 square meter,81,9,697,41,,,,,,
466,37,83 square meter,81,9,705.5,41,,,,,,
467,37,84 square meter,81,9,714,41,,,,,,
468,37,85 square meter,81,9,722.5,41,,,,,,
469,37,86 square meter,81,9,731,41,,,,,,
470,37,87 square meter,81,9,739.5,41,,,,,,
471,37,88 square meter,81,9,748,41,,,,,,
472,37,89 square meter,81,9,756.5,41,,,,,,
473,37,90 square meter,81,9,765,41,,,,,,
474,37,91 square meter,81,9,773.5,41,,,,,,
475,37,92 square meter,81,9,782,41,,,,,,
476,37,93 square meter,81,9,790.5,41,,,,,,
477,37,94 square meter,81,9,799,41,,,,,,
478,37,95 square meter,81,9,807.5,41,,,,,,
479,37,96 square meter,81,9,816,41,,,,,,
480,37,97 square meter,81,9,824.5,41,,,,,,
481,37,98 square meter,81,9,833,41,,,,,,
482,37,99 square meter,81,9,841.5,41,,,,,,
483,37,100 square meter,81,9,850,41,,,,,,
484,38,1 litres,82,8,1,478,38,1 litres,,,,
485,38,2 litres,82,8,2,43,,,82,8,1,43
486,38,3 litres,82,8,3,44,,,,,,
487,38,4 litres,82,8,4,44,,,,,,
488,38,5 litres,82,8,5,44,,,,,,
489,38,6 litres,82,8,6,44,,,,,,
490,38,7 litres,82,8,7,44,,,,,,
491,38,8 litres,82,8,8,44,,,,,,
492,38,9 litres,82,8,9,44,,,,,,
493,38,10 litres,82,8,10,44,,,,,,
494,38,11 litres,82,8,11,44,,,,,,
495,38,12 litres,82,8,12,44,,,,,,
496,38,13 litres,82,8,13,44,,,,,,
497,38,14 litres,82,8,14,45,,,,,,
498,38,15 litres,82,8,15,45,,,,,,
499,38,16 litres,82,8,16,46,,,,,,
500,38,17 litres,82,8,17,46,,,,,,
501,38,18 litres,82,8,18,46,,,,,,
502,38,19 litres,82,8,19,47,,,,,,
503,38,20 litres,82,8,20,47,,,,,,
504,38,21 litres,82,8,21,47,,,,,,
505,38,22 litres,82,8,22,47,,,,,,
506,38,23 litres,82,8,23,47,,,,,,
507,38,24 litres,82,8,24,47,,,,,,
508,38,25 litres,82,8,25,47,,,,,,
509,38,26 litres,82,8,26,47,,,,,,
510,38,27 litres,82,8,27,47,,,,,,
511,38,28 litres,82,8,28,47,,,,,,
512,38,29 litres,82,8,29,47,,,,,,
513,38,30 litres,82,8,30,48,,,,,,
514,39,Yes,90,1,0,48,,,,,,
515,39,No,90,10,0,49,,,,,,
516,40,0 pets,91,9,0,49,,,,,,
517,40,1 pets,91,9,7,50,,,,,,
518,40,2 pets,91,9,14,50,,,,,,
519,40,3 pets,91,9,21,51,,,,,,
520,40,4 pets,91,9,28,51,,,,,,
521,40,5 pets,91,9,35,52,,,,,,
522,40,6 pets,91,9,42,52,,,,,,
523,40,7 pets,91,9,49,52,,,,,,
524,40,8 pets,91,9,56,52,,,,,,
525,40,9 pets,91,9,63,53,,,,,,
526,40,10 pets,91,9,70,53,,,,,,
527,41,Yes,100,1,0,54,,,,,,
528,41,No,100,3,0,54,,,,,,
529,42,Small,101,1,34,55,,,,,,
530,42,Medium,101,1,112.5,55,,,,,,
531,42,Large,101,1,345,56,,,,,,
532,43,0 times,102,2,0,56,,,,,,
533,43,1 times,102,2,1,56,,,,,,
534,43,2 times,102,2,2,56,,,,,,
535,43,3 times,102,2,3,56,,,,,,
536,43,4 times,102,2,4,56,,,,,,
537,43,5 times,102,2,5,56,,,,,,
538,43,6 times,102,2,6,56,,,,,,
539,43,7 times,102,2,7,56,,,,,,
540,43,8 times,102,2,8,56,,,,,,
541,43,9 times,102,2,9,56,,,,,,
542,43,10 times,102,2,10,56,,,,,,
543,44,Yes,104,1,22.4,56,,,,,,
544,44,No,104,1,0,56,,,,,,
545,45,Yes,105,1,0,56,,,,,,
546,45,No,105,4,0,56,,,,,,
547,46,Yes,106,3,46.5,56,,,,,,
548,46,No,106,3,0,56,,,,,,
549,47,Yes,109,1,0,56,,,,,,
550,47,No,109,1,0,56,,,,,,
551,48,Yes,110,1,0,56,,,,,,
552,48,No,110,10,0,56,,,,,,
553,49,0 litres,111,9,0,56,,,,,,
554,49,1 litres,111,9,1,56,,,,,,
555,49,2 litres,111,9,2,56,,,,,,
556,49,3 litres,111,9,3,56,,,,,,
557,49,4 litres,111,9,4,56,,,,,,
558,49,5 litres,111,9,5,56,,,,,,
559,49,6 litres,111,9,6,56,,,,,,
560,49,7 litres,111,9,7,56,,,,,,
561,49,8 litres,111,9,8,56,,,,,,
562,49,9 litres,111,9,9,56,,,,,,
563,49,10 litres,111,9,10,56,,,,,,
564,49,11 litres,111,9,11,56,,,,,,
565,49,12 litres,111,9,12,56,,,,,,
566,49,13 litres,111,9,13,56,,,,,,
567,49,14 litres,111,9,14,56,,,,,,
568,49,15 litres,111,9,15,56,,,,,,
569,49,16 litres,111,9,16,56,,,,,,
570,49,17 litres,111,9,17,56,,,,,,
571,49,18 litres,111,9,18,56,,,,,,
572,49,19 litres,111,9,19,56,,,,,,
573,49,20 litres,111,9,20,56,,,,,,
574,49,21 litres,111,9,21,56,,,,,,
575,49,22 litres,111,9,22,56,,,,,,
576,49,23 litres,111,9,23,56,,,,,,
577,49,24 litres,111,9,24,56,,,,,,
578,49,25 litres,111,9,25,56,,,,,,
579,49,26 litres,111,9,26,56,,,,,,
580,49,27 litres,111,9,27,56,,,,,,
581,49,28 litres,111,9,28,56,,,,,,
582,49,29 litres,111,9,29,56,,,,,,
583,49,30 litres,111,9,30,56,,,,,,
584,49,31 litres,111,9,31,56,,,,,,
585,49,32 litres,111,9,32,56,,,,,,
586,49,33 litres,111,9,33,56,,,,,,
587,49,34 litres,111,9,34,56,,,,,,
588,49,35 litres,111,9,35,56,,,,,,
589,49,36 litres,111,9,36,56,,,,,,
590,49,37 litres,111,9,37,56,,,,,,
591,49,38 litres,111,9,38,56,,,,,,
592,49,39 litres,111,9,39,56,,,,,,
593,49,40 litres,111,9,40,56,,,,,,
594,49,41 litres,111,9,41,56,,,,,,
595,49,42 litres,111,9,42,56,,,,,,
596,49,43 litres,111,9,43,56,,,,,,
597,49,44 litres,111,9,44,56,,,,,,
598,49,45 litres,111,9,45,56,,,,,,
599,49,46 litres,111,9,46,56,,,,,,
600,49,47 litres,111,9,47,56,,,,,,
601,49,48 litres,111,9,48,56,,,,,,
602,49,49 litres,111,9,49,56,,,,,,
603,49,50 litres,111,9,50,56,,,,,,
604,49,51 litres,111,9,51,56,,,,,,
605,49,52 litres,111,9,52,56,,,,,,
606,49,53 litres,111,9,53,56,,,,,,
607,49,54 litres,111,9,54,56,,,,,,
608,49,55 litres,111,9,55,56,,,,,,
609,49,56 litres,111,9,56,56,,,,,,
610,49,57 litres,111,9,57,56,,,,,,
611,49,58 litres,111,9,58,56,,,,,,
612,49,59 litres,111,9,59,56,,,,,,
613,49,60 litres,111,9,60,56,,,,,,
614,49,61 litres,111,9,61,56,,,,,,
615,49,62 litres,111,9,62,56,,,,,,
616,49,63 litres,111,9,63,56,,,,,,
617,49,64 litres,111,9,64,56,,,,,,
618,49,65 litres,111,9,65,56,,,,,,
619,49,66 litres,111,9,66,56,,,,,,
620,49,67 litres,111,9,67,56,,,,,,
621,49,68 litres,111,9,68,56,,,,,,
622,49,69 litres,111,9,69,56,,,,,,
623,49,70 litres,111,9,70,56,,,,,,
624,49,71 litres,111,9,71,56,,,,,,
625,49,72 litres,111,9,72,56,,,,,,
626,49,73 litres,111,9,73,,,,,,,
627,49,74 litres,111,9,74,,,,,,,
628,49,75 litres,111,9,75,,,,,,,
629,49,76 litres,111,9,76,,,,,,,
630,49,77 litres,111,9,77,,,,,,,
631,49,78 litres,111,9,78,,,,,,,
632,49,79 litres,111,9,79,,,,,,,
633,49,80 litres,111,9,80,,,,,,,
634,49,81 litres,111,9,81,,,,,,,
635,49,82 litres,111,9,82,,,,,,,
636,49,83 litres,111,9,83,,,,,,,
637,49,84 litres,111,9,84,,,,,,,
638,49,85 litres,111,9,85,,,,,,,
639,49,86 litres,111,9,86,,,,,,,
640,49,87 litres,111,9,87,,,,,,,
641,49,88 litres,111,9,88,,,,,,,
642,49,89 litres,111,9,89,,,,,,,
643,49,90 litres,111,9,90,,,,,,,
644,49,91 litres,111,9,91,,,,,,,
645,49,92 litres,111,9,92,,,,,,,
646,49,93 litres,111,9,93,,,,,,,
647,49,94 litres,111,9,94,,,,,,,
648,49,95 litres,111,9,95,,,,,,,
649,49,96 litres,111,9,96,,,,,,,
650,49,97 litres,111,9,97,,,,,,,
651,49,98 litres,111,9,98,,,,,,,
652,49,99 litres,111,9,99,,,,,,,
653,49,100 litres,111,9,100,,,,,,,